Date,Open,High,Low,Close,Volume,Adj_Close
2016-07-01,11.229999542236328,12.140000343322754,11.0600004196167,12.0600004196167,39010500,3.345341444015503
2016-07-08,12.109999656677246,12.619999885559082,11.010000228881836,12.300000190734863,45412500,3.4119157791137695
2016-07-15,12.5,13.479999542236328,12.399999618530273,13.220000267028809,53587200,3.667116165161133
2016-07-22,13.149999618530273,13.949999809265137,13.09000015258789,13.75,39484700,3.8141331672668457
2016-07-29,13.979999542236328,14.15999984741211,13.180000305175781,14.010000228881836,48687900,3.886256217956543
2016-08-05,14.039999961853027,14.199999809265137,12.84000015258789,13.260000228881836,51286900,3.6782114505767822
2016-08-12,13.380000114440918,14.220000267028809,13.130000114440918,13.90999984741211,49298100,3.858515977859497
2016-08-19,14.020000457763672,15.399999618530273,13.970000267028809,15.0600004196167,48673900,4.177516460418701
2016-08-26,14.899999618530273,15.170000076293945,14.420000076293945,14.960000038146973,41931400,4.149776935577393
2016-09-02,14.949999809265137,15.680000305175781,14.609999656677246,15.630000114440918,55645400,4.335629463195801
2016-09-09,15.819999694824219,16.450000762939453,15.5,15.5,35689800,4.2995686531066895
2016-09-16,15.4399995803833,16.100000381469727,14.760000228881836,14.899999618530273,54319000,4.133134365081787
2016-09-23,15.1899995803833,15.760000228881836,14.800000190734863,14.970000267028809,54015900,4.152551174163818
2016-09-30,14.899999618530273,15.489999771118164,14.180000305175781,15.140000343322754,44309600,4.199708461761475
2016-10-07,15.289999961853027,17.110000610351562,15.180000305175781,16.950000762939453,59088800,4.701786041259766
2016-10-14,17.1200008392334,17.920000076293945,16.709999084472656,17.899999618530273,46188100,4.965308666229248
2016-10-21,17.899999618530273,19.350000381469727,17.729999542236328,19.31999969482422,58773700,5.359203338623047
2016-10-28,19.520000457763672,19.719999313354492,18.719999313354492,19.1299991607666,60807900,5.306499004364014
2016-11-04,19.1299991607666,19.290000915527344,17.030000686645508,17.149999618530273,49119300,4.757264137268066
2016-11-11,17.989999771118164,18.860000610351562,16.049999237060547,16.329999923706055,94258800,4.5298027992248535
2016-11-18,16.0,17.420000076293945,15.800000190734863,16.420000076293945,41996300,4.55476713180542
2016-11-25,16.850000381469727,17.989999771118164,16.690000534057617,17.579999923706055,37480200,4.876542091369629
2016-12-02,17.440000534057617,19.139999389648438,16.6299991607666,18.649999618530273,73999200,5.173351287841797
2016-12-09,18.739999771118164,18.920000076293945,17.8799991607666,18.190000534057617,59887600,5.045752048492432
2016-12-16,18.399999618530273,18.729999542236328,17.020000457763672,17.219999313354492,55681800,4.776680946350098
2016-12-23,17.360000610351562,17.389999389648438,16.190000534057617,16.56999969482422,35129600,4.596376895904541
2016-12-30,16.75,17.110000610351562,16.530000686645508,16.940000534057617,13707200,4.699011325836182
2017-01-06,16.700000762939453,17.940000534057617,16.520000457763672,17.489999771118164,28526100,4.851577281951904
2017-01-13,17.579999923706055,18.850000381469727,17.209999084472656,18.219999313354492,29288600,5.054073810577393
2017-01-20,18.420000076293945,18.420000076293945,17.780000686645508,17.829999923706055,21405900,4.945890426635742
2017-01-27,17.739999771118164,18.31999969482422,16.979999542236328,17.079999923706055,31578200,4.7378458976745605
2017-02-03,17.06999969482422,17.06999969482422,15.829999923706055,16.34000015258789,43661800,4.532578945159912
2017-02-10,16.360000610351562,16.510000228881836,15.399999618530273,16.350000381469727,47451000,4.5353522300720215
2017-02-17,16.5,17.049999237060547,16.450000762939453,16.719999313354492,46624100,4.637985706329346
2017-02-24,16.809999465942383,17.43000030517578,15.899999618530273,15.960000038146973,37993800,4.427168846130371
2017-03-03,16.3700008392334,16.56999969482422,15.779999732971191,15.949999809265137,22682800,4.4243950843811035
2017-03-10,15.869999885559082,16.18000030517578,14.430000305175781,14.789999961853027,45746200,4.102620601654053
2017-03-17,14.899999618530273,14.960000038146973,13.720000267028809,13.850000381469727,79342700,3.8418726921081543
2017-03-24,13.649999618530273,14.4399995803833,13.479999542236328,14.170000076293945,55335200,3.930638551712036
2017-03-31,14.020000457763672,15.34000015258789,13.6899995803833,15.149999618530273,37862100,4.202481269836426
2017-04-07,15.15999984741211,15.75,15.039999961853027,15.369999885559082,37382500,4.2635064125061035
2017-04-14,15.5,15.670000076293945,14.510000228881836,14.510000228881836,35318700,4.0249505043029785
2017-04-21,14.640000343322754,14.710000038146973,13.949999809265137,14.270000457763672,31212700,3.95837664604187
2017-04-28,14.520000457763672,14.960000038146973,13.979999542236328,14.359999656677246,30844300,3.9833412170410156
2017-05-05,14.390000343322754,14.8100004196167,14.020000457763672,14.8100004196167,43965100,4.108168125152588
2017-05-12,14.710000038146973,16.15999984741211,14.609999656677246,15.930000305175781,39799400,4.418847560882568
2017-05-19,16.209999084472656,16.360000610351562,12.899999618530273,14.40999984741211,95034900,3.997211456298828
2017-05-26,14.260000228881836,15.170000076293945,14.029999732971191,14.550000190734863,47700200,4.036046028137207
2017-06-02,14.550000190734863,14.550000190734863,13.449999809265137,13.739999771118164,38120700,3.811359167098999
2017-06-09,13.609999656677246,14.15999984741211,13.5600004196167,13.779999732971191,39261300,3.822455883026123
2017-06-16,13.899999618530273,13.979999542236328,13.130000114440918,13.489999771118164,57917600,3.7420129776000977
2017-06-23,13.449999809265137,13.520000457763672,12.649999618530273,12.890000343322754,41685600,3.5755772590637207
2017-06-30,13.079999923706055,13.359999656677246,12.75,13.199999809265137,25835300,3.6615676879882812
2017-07-07,13.25,13.369999885559082,12.529999732971191,12.680000305175781,28050900,3.5173251628875732
2017-07-14,12.640000343322754,13.699999809265137,12.470000267028809,13.619999885559082,36757300,3.7780723571777344
2017-07-21,13.579999923706055,13.9399995803833,13.260000228881836,13.289999961853027,28551100,3.6865336894989014
2017-07-28,13.40999984741211,13.84000015258789,13.369999885559082,13.640000343322754,22639000,3.7836203575134277
2017-08-04,13.720000267028809,14.1899995803833,13.5600004196167,13.899999618530273,30921100,3.8557419776916504
2017-08-11,13.8100004196167,14.1899995803833,13.359999656677246,13.510000228881836,29298000,3.7475597858428955
2017-08-18,13.5,14.069999694824219,13.399999618530273,14.039999961853027,34548000,3.89457631111145
2017-08-25,14.100000381469727,14.579999923706055,13.75,14.479999542236328,28958200,4.016628742218018
2017-09-01,14.600000381469727,14.720000267028809,13.850000381469727,14.600000381469727,84508700,4.049915790557861
2017-09-08,14.59000015258789,15.770000457763672,14.5,15.1899995803833,33405300,4.213578224182129
2017-09-15,15.380000114440918,15.9399995803833,15.260000228881836,15.579999923706055,43419000,4.321761608123779
2017-09-22,15.619999885559082,16.43000030517578,15.529999732971191,16.200000762939453,34573200,4.493742942810059
2017-09-29,16.290000915527344,16.440000534057617,15.729999542236328,15.8100004196167,37993000,4.385560512542725
2017-10-06,15.770000457763672,16.790000915527344,15.619999885559082,16.3700008392334,43006000,4.540900230407715
2017-10-13,16.260000228881836,16.850000381469727,16.200000762939453,16.579999923706055,25830700,4.599150657653809
2017-10-20,16.600000381469727,16.809999465942383,16.34000015258789,16.549999237060547,26464800,4.590830326080322
2017-10-27,16.6299991607666,17.610000610351562,16.479999542236328,17.399999618530273,36829400,4.8266119956970215
2017-11-03,17.260000228881836,17.799999237060547,17.15999984741211,17.709999084472656,39587100,4.912604331970215
2017-11-10,17.799999237060547,18.139999389648438,17.260000228881836,17.530000686645508,42354700,4.862674236297607
2017-11-17,17.530000686645508,17.610000610351562,16.0,16.520000457763672,39008600,4.582508563995361
2017-11-24,16.520000457763672,16.829999923706055,16.290000915527344,16.549999237060547,21401800,4.590830326080322
2017-12-01,16.399999618530273,16.5,15.640000343322754,16.110000610351562,48860000,4.468778133392334
2017-12-08,16.1200008392334,16.43000030517578,15.5,15.890000343322754,43046200,4.407751083374023
2017-12-15,15.949999809265137,16.489999771118164,15.5600004196167,15.5600004196167,56107600,4.316211700439453
2017-12-22,15.779999732971191,16.739999771118164,15.630000114440918,16.59000015258789,33701500,4.601924896240234
2017-12-29,16.59000015258789,16.979999542236328,16.5,16.90999984741211,13062000,4.690690517425537
2018-01-05,16.989999771118164,17.899999618530273,16.979999542236328,17.84000015258789,25722700,4.948665618896484
2018-01-12,17.639999389648438,18.40999984741211,17.610000610351562,18.360000610351562,31644600,5.09290885925293
2018-01-19,18.309999465942383,19.65999984741211,18.309999465942383,19.309999465942383,28311300,5.356429576873779
2018-01-26,19.209999084472656,21.770000457763672,19.139999389648438,21.709999084472656,56098300,6.022170066833496
2018-02-02,21.420000076293945,22.170000076293945,20.81999969482422,21.540000915527344,60785100,5.97501277923584
2018-02-09,21.270000457763672,21.84000015258789,19.670000076293945,20.09000015258789,56924400,5.5727949142456055
2018-02-16,20.299999237060547,21.049999237060547,20.1200008392334,20.719999313354492,25720000,5.747552871704102
2018-02-23,20.860000610351562,22.760000228881836,20.81999969482422,22.649999618530273,53235300,6.282918453216553
2018-03-02,22.979999542236328,23.610000610351562,22.209999084472656,23.18000030517578,78887000,6.429937362670898
2018-03-09,23.18000030517578,24.34000015258789,22.969999313354492,24.0,43643500,6.6573967933654785
2018-03-16,24.09000015258789,24.209999084472656,23.010000228881836,23.3700008392334,59007800,6.482640743255615
2018-03-23,22.950000762939453,24.079999923706055,22.59000015258789,23.709999084472656,40298200,6.5769524574279785
2018-03-30,24.079999923706055,24.200000762939453,22.860000610351562,23.360000610351562,24810900,6.479866027832031
2018-04-06,23.170000076293945,23.93000030517578,22.18000030517578,23.579999923706055,44374400,6.540893077850342
2018-04-13,23.81999969482422,24.489999771118164,22.850000381469727,23.729999542236328,34583200,6.5824995040893555
2018-04-20,23.709999084472656,24.649999618530273,22.81999969482422,24.43000030517578,37337100,6.776674747467041
2018-04-27,24.25,24.799999237060547,23.309999465942383,24.520000457763672,35540600,6.801640510559082
2018-05-04,24.489999771118164,24.790000915527344,23.889999389648438,23.889999389648438,42313500,6.626883029937744
2018-05-11,24.1200008392334,29.850000381469727,24.110000610351562,28.950000762939453,90672100,8.030484199523926
2018-05-18,29.25,31.799999237060547,29.229999542236328,30.149999618530273,87497800,8.363353729248047
2018-05-25,30.559999465942383,30.809999465942383,22.899999618530273,23.030000686645508,108696300,6.399305820465088
2018-06-01,22.299999237060547,23.09000015258789,17.25,18.8799991607666,106341900,5.246151924133301
2018-06-08,19.899999618530273,20.610000610351562,17.8700008392334,18.0,102648800,5.001629829406738
2018-06-15,18.299999237060547,18.59000015258789,17.229999542236328,17.799999237060547,77891300,4.946054935455322
2018-06-22,17.540000915527344,18.899999618530273,16.899999618530273,17.760000228881836,69580700,4.93494176864624
2018-06-29,17.8700008392334,19.530000686645508,17.559999465942383,19.420000076293945,53947800,5.39620304107666
2018-07-06,19.100000381469727,20.989999771118164,19.100000381469727,20.219999313354492,46394700,5.618497371673584
2018-07-13,20.559999465942383,20.760000228881836,19.850000381469727,20.579999923706055,35418800,5.71852970123291
2018-07-20,20.530000686645508,21.780000686645508,20.0,21.420000076293945,50918200,5.951938629150391
2018-07-27,21.549999237060547,22.209999084472656,21.209999084472656,22.100000381469727,27680400,6.1408891677856445
2018-08-03,22.200000762939453,23.84000015258789,21.479999542236328,23.219999313354492,37764200,6.4521002769470215
2018-08-10,23.229999542236328,23.639999389648438,22.030000686645508,22.15999984741211,42914800,6.15756368637085
2018-08-17,22.059999465942383,22.719999313354492,20.8700008392334,20.950000762939453,42637600,5.834364414215088
2018-08-24,20.860000610351562,21.479999542236328,20.479999542236328,21.09000015258789,45840000,5.87335205078125
2018-08-31,21.270000457763672,22.489999771118164,21.010000228881836,22.079999923706055,57474100,6.149057388305664
2018-09-07,21.979999542236328,22.15999984741211,21.190000534057617,21.920000076293945,29924800,6.104498863220215
2018-09-14,22.299999237060547,22.649999618530273,21.459999084472656,22.0,51299700,6.1267781257629395
2018-09-21,21.950000762939453,23.520000457763672,21.850000381469727,23.270000457763672,42523700,6.480461597442627
2018-09-28,23.299999237060547,24.920000076293945,22.739999771118164,24.229999542236328,46849900,6.747810363769531
2018-10-05,24.329999923706055,28.5,23.860000610351562,26.65999984741211,84698300,7.424542427062988
2018-10-12,29.729999542236328,29.8799991607666,27.8799991607666,28.100000381469727,72904200,7.825565814971924
2018-10-19,28.799999237060547,29.799999237060547,28.360000610351562,28.940000534057617,46100400,8.059500694274902
2018-10-26,29.200000762939453,30.0,28.229999542236328,30.0,57106500,8.354697227478027
2018-11-02,29.1299991607666,31.0,28.579999923706055,29.770000457763672,73574100,8.29064655303955
2018-11-09,29.899999618530273,30.940000534057617,27.329999923706055,28.1299991607666,49921200,7.833919525146484
2018-11-16,28.170000076293945,28.610000610351562,26.3700008392334,28.049999237060547,40879400,7.811642646789551
2018-11-23,27.829999923706055,28.5,26.040000915527344,26.690000534057617,43381600,7.460142135620117
2018-11-30,27.18000030517578,28.3700008392334,26.649999618530273,28.1299991607666,74932700,7.862637996673584
2018-12-07,29.0,29.399999618530273,27.049999237060547,27.850000381469727,64951500,7.784377098083496
2018-12-14,27.850000381469727,27.850000381469727,26.040000915527344,26.329999923706055,46430600,7.359519958496094
2018-12-21,26.40999984741211,26.6200008392334,23.860000610351562,24.18000030517578,78127500,6.758569717407227
2018-12-28,23.6200008392334,25.639999389648438,23.329999923706055,25.399999618530273,32929300,7.1146345138549805
2019-01-04,25.40999984741211,27.559999465942383,25.100000381469727,27.510000228881836,38340000,7.705652236938477
2019-01-11,27.559999465942383,29.100000381469727,27.549999237060547,28.5,52192300,7.982953071594238
2019-01-18,28.280000686645508,29.299999237060547,28.09000015258789,29.149999618530273,33610400,8.165022850036621
2019-01-25,28.93000030517578,29.459999084472656,28.670000076293945,29.459999084472656,23692800,8.251856803894043
2019-02-01,29.420000076293945,30.049999237060547,28.31999969482422,30.020000457763672,52525100,8.408713340759277
2019-02-08,29.809999465942383,30.719999313354492,28.8799991607666,29.270000457763672,42479000,8.198634147644043
2019-02-15,29.25,31.440000534057617,28.760000228881836,31.049999237060547,40662300,8.697218894958496
2019-02-22,30.809999465942383,31.790000915527344,30.59000015258789,31.25,36136700,8.753239631652832
2019-03-01,31.110000610351562,31.25,29.200000762939453,29.200000762939453,64808900,8.179027557373047
2019-03-08,28.850000381469727,29.649999618530273,28.540000915527344,29.0,21982900,8.123007774353027
2019-03-15,29.3799991607666,31.770000457763672,29.020000457763672,31.6200008392334,62623100,8.856878280639648
2019-03-22,31.65999984741211,33.70000076293945,30.770000457763672,30.770000457763672,76183100,8.618790626525879
2019-03-29,30.610000610351562,31.93000030517578,30.059999465942383,31.149999618530273,60392900,8.725229263305664
2019-04-05,31.420000076293945,32.15999984741211,30.25,32.04999923706055,52605700,8.97732162475586
2019-04-12,32.18000030517578,33.04999923706055,29.010000228881836,29.1299991607666,52934100,8.159420013427734
2019-04-19,29.799999237060547,31.190000534057617,28.889999389648438,30.760000228881836,56898500,8.615987777709961
2019-04-26,30.809999465942383,31.489999771118164,30.040000915527344,30.389999389648438,36112600,8.512350082397461
2019-05-03,30.780000686645508,30.780000686645508,29.309999465942383,29.559999465942383,34487300,8.279863357543945
2019-05-10,29.239999771118164,30.469999313354492,28.75,29.350000381469727,49308700,8.221041679382324
2019-05-17,28.709999084472656,29.049999237060547,27.43000030517578,27.559999465942383,50334500,7.719655513763428
2019-05-24,27.639999389648438,28.899999618530273,27.40999984741211,28.329999923706055,31377200,7.962985038757324
2019-05-31,28.549999237060547,29.34000015258789,28.219999313354492,28.229999542236328,45859300,7.934878826141357
2019-06-07,28.5,29.90999984741211,28.239999771118164,29.850000381469727,41930100,8.390227317810059
2019-06-14,29.700000762939453,30.190000534057617,29.200000762939453,30.190000534057617,56518100,8.485797882080078
2019-06-21,30.200000762939453,32.029998779296875,29.920000076293945,31.790000915527344,36598900,8.935522079467773
2019-06-28,31.8799991607666,32.0,29.579999923706055,30.020000457763672,147461300,8.438011169433594
2019-07-05,30.440000534057617,30.649999618530273,29.200000762939453,30.030000686645508,63165700,8.440821647644043
2019-07-12,30.079999923706055,31.670000076293945,30.010000228881836,31.5,54445900,8.854009628295898
2019-07-19,31.610000610351562,31.610000610351562,29.84000015258789,30.059999465942383,37000700,8.44925308227539
2019-07-26,30.200000762939453,30.489999771118164,28.40999984741211,28.540000915527344,39573600,8.022016525268555
2019-08-02,28.540000915527344,29.739999771118164,27.860000610351562,29.209999084472656,46187900,8.210334777832031
2019-08-09,28.59000015258789,29.149999618530273,27.459999084472656,28.6200008392334,56540600,8.044499397277832
2019-08-16,28.309999465942383,28.360000610351562,26.219999313354492,26.3799991607666,55008600,7.468514919281006
2019-08-23,26.780000686645508,28.459999084472656,26.31999969482422,26.760000228881836,54768900,7.576096534729004
2019-08-30,26.889999389648438,28.34000015258789,26.329999923706055,28.270000457763672,52801100,8.003597259521484
2019-09-06,28.049999237060547,29.43000030517578,27.610000610351562,29.190000534057617,33144600,8.264060974121094
2019-09-13,29.489999771118164,30.299999237060547,29.25,29.65999984741211,37491100,8.397126197814941
2019-09-20,31.149999618530273,31.299999237060547,29.989999771118164,30.31999969482422,49233400,8.583979606628418
2019-09-27,30.18000030517578,30.8700008392334,29.559999465942383,30.420000076293945,26368200,8.61229133605957
2019-10-04,30.440000534057617,30.440000534057617,28.239999771118164,28.850000381469727,39196900,8.167803764343262
2019-10-11,28.6299991607666,29.809999465942383,28.049999237060547,29.5,34956800,8.351826667785645
2019-10-18,29.5,30.56999969482422,29.15999984741211,29.950000762939453,33684300,8.479228019714355
2019-10-25,30.010000228881836,32.279998779296875,29.969999313354492,31.709999084472656,50102700,8.977506637573242
2019-11-01,31.700000762939453,33.5099983215332,31.559999465942383,32.7400016784668,51833600,9.269113540649414
2019-11-08,33.0,33.650001525878906,30.81999969482422,32.90999984741211,85800100,9.317242622375488
2019-11-15,32.59000015258789,33.290000915527344,31.59000015258789,31.709999084472656,32979900,9.032268524169922
2019-11-22,32.25,32.56999969482422,31.1299991607666,32.220001220703125,37145300,9.177536964416504
2019-11-29,32.150001525878906,32.290000915527344,30.979999542236328,31.200000762939453,37765100,8.886999130249023
2019-12-06,31.469999313354492,32.56999969482422,30.670000076293945,32.06999969482422,33796700,9.134811401367188
2019-12-13,32.099998474121094,32.97999954223633,31.209999084472656,31.329999923706055,60643100,8.924029350280762
2019-12-20,31.479999542236328,32.40999984741211,30.93000030517578,31.93000030517578,85923300,9.094932556152344
2019-12-27,31.959999084472656,32.970001220703125,31.829999923706055,32.16999816894531,19281800,9.163294792175293
2020-01-03,32.380001068115234,33.22999954223633,31.90999984741211,31.989999771118164,32200700,9.11202335357666
2020-01-10,32.0,33.119998931884766,31.780000686645508,32.099998474121094,52339100,9.143354415893555
2020-01-17,32.150001525878906,32.2599983215332,30.93000030517578,31.850000381469727,41032100,9.072147369384766
2020-01-24,31.700000762939453,32.13999938964844,30.190000534057617,31.110000610351562,63699200,8.861364364624023
2020-01-31,30.229999542236328,30.989999771118164,29.520000457763672,30.350000381469727,68572000,8.644885063171387
2020-02-07,30.360000610351562,31.989999771118164,30.010000228881836,31.459999084472656,213471700,8.961058616638184
2020-02-14,31.459999084472656,32.68000030517578,30.860000610351562,31.6200008392334,252401600,9.006632804870605
2020-02-21,31.84000015258789,33.0,30.559999465942383,30.850000381469727,75544300,8.78730583190918
2020-02-28,28.709999084472656,28.790000915527344,25.920000076293945,27.149999618530273,116727300,7.733397960662842
2020-03-06,27.149999618530273,28.860000610351562,23.719999313354492,24.059999465942383,172791400,6.853244304656982
2020-03-13,19.0,19.75,11.630000114440918,15.859999656677246,360379600,4.517559051513672
2020-03-20,13.989999771118164,14.670000076293945,10.5,12.220000267028809,274294400,3.4807424545288086
2020-03-27,12.300000190734863,15.329999923706055,11.420000076293945,13.029999732971191,192483400,3.711461305618286
2020-04-03,12.899999618530273,16.65999984741211,12.5,15.319999694824219,218297800,4.363744735717773
2020-04-10,16.049999237060547,18.799999237060547,15.390000343322754,16.860000610351562,146405300,4.802398681640625
2020-04-17,17.09000015258789,17.690000534057617,15.859999656677246,16.700000762939453,129042700,4.756824493408203
2020-04-24,15.979999542236328,17.8799991607666,15.520000457763672,16.06999969482422,116155100,4.577374458312988
2020-05-01,16.3700008392334,19.299999237060547,15.970000267028809,18.649999618530273,99598500,5.312260627746582
2020-05-08,17.950000762939453,19.649999618530273,17.739999771118164,19.549999237060547,110029000,5.568617343902588
2020-05-15,19.3799991607666,19.829999923706055,17.100000381469727,17.700000762939453,132511600,5.041662693023682
2020-05-22,18.75,20.420000076293945,18.530000686645508,19.520000457763672,92483100,5.56007194519043
2020-05-29,20.459999084472656,20.920000076293945,19.93000030517578,20.84000015258789,100646700,5.936060905456543
2020-06-05,20.670000076293945,23.829999923706055,20.459999084472656,22.850000381469727,103151200,6.508589267730713
2020-06-12,23.329999923706055,23.399999618530273,20.700000762939453,21.239999771118164,91317700,6.049996852874756
2020-06-19,20.579999923706055,23.209999084472656,20.100000381469727,22.280000686645508,91724800,6.346230983734131
2020-06-26,22.489999771118164,23.06999969482422,21.579999923706055,21.8799991607666,59019200,6.232292652130127
2020-07-03,22.079999923706055,22.979999542236328,21.850000381469727,22.5,65109200,6.408895015716553
2020-07-10,22.979999542236328,23.540000915527344,22.600000381469727,23.0,56938100,6.551313400268555
2020-07-17,23.170000076293945,24.200000762939453,22.540000915527344,23.649999618530273,65746600,6.7364606857299805
2020-07-24,23.639999389648438,24.479999542236328,23.049999237060547,23.329999923706055,78763500,6.713147163391113
2020-07-31,23.440000534057617,23.8799991607666,22.59000015258789,22.700000762939453,67574600,6.531867504119873
2020-08-07,22.969999313354492,24.170000076293945,21.940000534057617,23.309999465942383,111316000,6.707394123077393
2020-08-14,23.40999984741211,24.610000610351562,23.149999618530273,23.25,70881900,6.690127849578857
2020-08-21,23.219999313354492,24.030000686645508,22.799999237060547,23.079999923706055,74932400,6.641210556030273
2020-08-28,23.3799991607666,23.75,22.56999969482422,23.110000610351562,61086200,6.649843692779541
2020-09-04,22.90999984741211,23.690000534057617,22.31999969482422,23.329999923706055,116701400,6.713147163391113
2020-09-11,22.8799991607666,23.079999923706055,21.829999923706055,22.040000915527344,98411900,6.341954708099365
2020-09-18,22.06999969482422,22.440000534057617,21.520000457763672,21.940000534057617,92492100,6.3131794929504395
2020-09-25,21.6299991607666,21.760000228881836,20.399999618530273,20.68000030517578,85245700,5.95061731338501
2020-10-02,20.84000015258789,21.040000915527344,19.18000030517578,19.18000030517578,115139300,5.518996238708496
2020-10-09,19.5,20.790000915527344,19.3700008392334,19.90999984741211,98525600,5.72905158996582
2020-10-16,19.979999542236328,20.459999084472656,19.299999237060547,19.299999237060547,57622200,5.553526401519775
2020-10-23,19.420000076293945,21.06999969482422,19.270000457763672,20.489999771118164,92112900,5.895945072174072
2020-10-30,20.290000915527344,20.5,17.739999771118164,19.0,102158200,5.467201232910156
2020-11-06,19.549999237060547,20.1299991607666,19.31999969482422,19.8700008392334,62617500,5.717541694641113
2020-11-13,21.010000228881836,23.829999923706055,21.010000228881836,23.18000030517578,164837300,6.669987201690674
2020-11-20,23.790000915527344,24.81999969482422,23.549999237060547,24.450000762939453,82349100,7.035425662994385
2020-11-27,24.75,27.1200008392334,24.75,25.899999618530273,87622600,7.452659606933594
2020-12-04,25.709999084472656,28.290000915527344,25.540000915527344,28.100000381469727,93425900,8.085704803466797
2020-12-11,28.0,28.719999313354492,26.959999084472656,28.010000228881836,76796100,8.059806823730469
2020-12-18,28.459999084472656,29.040000915527344,27.799999237060547,28.6200008392334,66148800,8.235333442687988
2020-12-25,27.649999618530273,28.920000076293945,27.3700008392334,28.440000534057617,26956300,8.183538436889648
2021-01-01,28.799999237060547,29.1299991607666,28.40999984741211,28.850000381469727,35547800,8.301514625549316
2021-01-08,29.139999389648438,32.34000015258789,28.920000076293945,31.59000015258789,93642000,9.089940071105957
2021-01-15,31.1200008392334,31.969999313354492,28.649999618530273,28.809999465942383,89555500,8.290002822875977
2021-01-22,28.889999389648438,29.56999969482422,27.15999984741211,27.729999542236328,59393400,7.9792375564575195
2021-01-29,27.850000381469727,28.959999084472656,27.09000015258789,27.329999923706055,67255500,7.864138603210449
2021-02-05,27.809999465942383,30.709999084472656,27.479999542236328,29.68000030517578,95768400,8.540342330932617
2021-02-12,29.170000076293945,29.84000015258789,27.360000610351562,28.5,98888200,8.200800895690918
2021-02-19,28.530000686645508,30.950000762939453,26.940000534057617,27.100000381469727,109271200,7.797955513000488
2021-02-26,22.5,24.81999969482422,21.350000381469727,22.149999618530273,433316900,6.373605251312256
2021-03-05,22.65999984741211,22.899999618530273,20.600000381469727,22.059999465942383,240021500,6.347708225250244
2021-03-12,21.700000762939453,23.149999618530273,20.780000686645508,22.700000762939453,166640000,6.531867504119873
2021-03-19,22.739999771118164,23.760000228881836,22.639999389648438,23.520000457763672,122230200,6.767822265625
2021-03-26,23.229999542236328,23.780000686645508,21.979999542236328,23.299999237060547,102566300,6.704514980316162
2021-04-02,23.09000015258789,24.18000030517578,23.09000015258789,23.6200008392334,65787300,6.796594619750977
2021-04-09,23.799999237060547,24.139999389648438,23.09000015258789,23.5,94300000,6.762065887451172
2021-04-16,23.600000381469727,24.43000030517578,22.43000030517578,22.649999618530273,111893000,6.7389936447143555
2021-04-23,22.649999618530273,24.290000915527344,22.479999542236328,23.270000457763672,119706400,6.923459529876709
2021-04-30,23.350000381469727,23.899999618530273,22.6200008392334,23.100000381469727,98309100,6.872879981994629
2021-05-07,23.170000076293945,23.93000030517578,22.479999542236328,23.93000030517578,85924600,7.119827747344971
2021-05-14,24.209999084472656,25.729999542236328,23.84000015258789,25.639999389648438,94056200,7.628600120544434
2021-05-21,25.6200008392334,26.049999237060547,25.010000228881836,25.420000076293945,69541200,7.563143730163574
2021-05-28,25.68000030517578,26.760000228881836,25.020000457763672,26.709999084472656,112780400,7.946954250335693
2021-06-04,26.709999084472656,29.290000915527344,26.420000076293945,28.93000030517578,136746900,8.607463836669922
2021-06-11,28.959999084472656,29.940000534057617,28.440000534057617,29.299999237060547,150711900,8.717550277709961
2021-06-18,29.610000610351562,29.989999771118164,28.110000610351562,28.739999771118164,94912000,8.550935745239258
2021-06-25,28.829999923706055,30.15999984741211,28.790000915527344,29.40999984741211,66652100,8.750277519226074
2021-07-02,29.489999771118164,30.84000015258789,29.0,30.030000686645508,93662000,8.934745788574219
2021-07-09,29.709999084472656,29.979999542236328,28.0,28.15999984741211,64784500,8.378368377685547
2021-07-16,28.399999618530273,28.989999771118164,26.989999771118164,27.170000076293945,63677100,8.083817481994629
2021-07-23,26.440000534057617,28.0,26.329999923706055,27.399999618530273,56501200,8.152247428894043
2021-07-30,27.34000015258789,28.440000534057617,27.299999237060547,27.5,53941900,8.182001113891602
2021-08-06,27.639999389648438,29.899999618530273,26.440000534057617,29.110000610351562,125118800,8.661018371582031
2021-08-13,28.799999237060547,30.049999237060547,28.350000381469727,29.920000076293945,71616300,8.902016639709473
2021-08-20,29.780000686645508,29.780000686645508,26.610000610351562,27.149999618530273,75698900,8.546669006347656
2021-08-27,27.520000457763672,29.110000610351562,27.299999237060547,29.079999923706055,68837300,9.154224395751953
2021-09-03,28.8799991607666,29.260000228881836,26.979999542236328,27.299999237060547,114397800,8.593889236450195
2021-09-10,27.15999984741211,27.579999923706055,25.079999923706055,26.06999969482422,92031100,8.206692695617676
2021-09-17,26.639999389648438,27.299999237060547,25.5,25.5,74825100,8.02725887298584
2021-09-24,24.84000015258789,27.84000015258789,24.5,27.559999465942383,72039500,8.675735473632812
2021-10-01,27.690000534057617,28.829999923706055,27.350000381469727,28.68000030517578,93591700,9.028306007385254
2021-10-08,28.40999984741211,30.229999542236328,28.3799991607666,29.790000915527344,79063200,9.377727508544922
2021-10-15,30.149999618530273,30.889999389648438,29.540000915527344,30.15999984741211,58270200,9.494199752807617
2021-10-22,29.899999618530273,30.450000762939453,26.81999969482422,27.899999618530273,136250800,8.78276538848877
2021-10-29,28.40999984741211,29.8799991607666,27.459999084472656,27.670000076293945,123913700,8.710362434387207
2021-11-05,28.229999542236328,29.09000015258789,26.540000915527344,26.690000534057617,87645800,8.401865005493164
2021-11-12,26.579999923706055,27.920000076293945,26.559999465942383,27.81999969482422,72847700,8.757583618164062
2021-11-19,28.15999984741211,28.5,26.760000228881836,27.190000534057617,61854500,8.559261322021484
2021-11-26,27.43000030517578,30.700000762939453,27.31999969482422,29.170000076293945,129344500,9.182554244995117
2021-12-03,30.010000228881836,31.260000228881836,26.899999618530273,30.06999969482422,161886800,10.601265907287598
2021-12-10,30.079999923706055,32.02000045776367,30.079999923706055,31.489999771118164,98876400,11.101889610290527
2021-12-17,31.399999618530273,32.040000915527344,30.450000762939453,30.790000915527344,102782100,10.855104446411133
2021-12-24,29.93000030517578,30.829999923706055,29.440000534057617,30.440000534057617,55543400,10.731712341308594
2021-12-31,30.440000534057617,31.469999313354492,30.239999771118164,30.700000762939453,71564050,10.82337474822998
2022-01-07,30.84000015258789,32.189998626708984,30.459999084472656,30.829999923706055,109550400,10.869206428527832
2022-01-14,30.700000762939453,34.7400016784668,30.389999389648438,34.560001373291016,134284400,12.18422794342041
2022-01-21,34.41999816894531,35.150001525878906,33.810001373291016,34.59000015258789,76151700,12.194804191589355
2022-01-28,34.45000076293945,37.79999923706055,33.369998931884766,35.88999938964844,120136300,12.653121948242188
2022-02-04,36.04999923706055,36.619998931884766,34.68000030517578,35.90999984741211,95429100,12.660179138183594
2022-02-11,35.86000061035156,37.2599983215332,34.41999816894531,37.20000076293945,87096600,13.114967346191406
2022-02-18,37.20000076293945,37.38999938964844,34.939998626708984,35.869998931884766,70457800,12.646074295043945
2022-02-25,35.880001068115234,37.650001525878906,34.939998626708984,36.369998931884766,91241700,12.822346687316895
2022-03-04,37.970001220703125,38.08000183105469,36.290000915527344,36.970001220703125,49751100,13.03388500213623
2022-03-11,37.400001525878906,37.5,33.540000915527344,34.810001373291016,138902800,12.272366523742676
2022-03-18,34.810001373291016,35.150001525878906,32.0,33.15999984741211,127958500,11.690654754638672
2022-03-25,33.220001220703125,35.31999969482422,33.16999816894531,35.0,68211400,12.339351654052734
2022-04-01,34.7599983215332,35.779998779296875,33.650001525878906,35.22999954223633,81559000,12.420438766479492
2022-04-08,34.970001220703125,37.25,34.369998931884766,37.09000015258789,72199200,13.076184272766113
2022-04-15,36.70000076293945,37.72999954223633,34.11000061035156,34.75,76601600,13.303842544555664
2022-04-22,34.47999954223633,35.18000030517578,33.209999084472656,33.369998931884766,61560200,12.775516510009766
2022-04-29,32.90999984741211,35.0,32.41999816894531,33.439998626708984,58292000,12.802315711975098
2022-05-06,33.5,35.88999938964844,32.150001525878906,35.689998626708984,90001600,13.663717269897461
2022-05-13,35.34000015258789,37.189998626708984,34.119998931884766,36.630001068115234,116292200,14.023592948913574
2022-05-20,36.7400016784668,38.040000915527344,36.459999084472656,37.66999816894531,80456600,14.421745300292969
2022-05-27,37.939998626708984,39.279998779296875,33.650001525878906,33.7400016784668,87159900,14.275050163269043
2022-06-03,34.0,34.0,32.04999923706055,33.7599983215332,71648000,14.283509254455566
2022-06-10,33.88999938964844,34.630001068115234,32.36000061035156,32.90999984741211,53575200,13.9238862991333
2022-06-17,32.439998626708984,33.290000915527344,28.84000015258789,29.93000030517578,93317000,12.663080215454102
2022-06-24,28.790000915527344,30.770000457763672,28.56999969482422,28.90999984741211,77908000,12.231527328491211
2022-07-01,29.200000762939453,31.899999618530273,29.200000762939453,31.110000610351562,74686600,13.162324905395508
2022-07-08,31.15999984741211,32.130001068115234,29.280000686645508,31.200000762939453,50304400,13.20040225982666
2022-07-15,30.780000686645508,31.299999237060547,29.56999969482422,30.309999465942383,45674900,12.823851585388184
2022-07-22,30.719999313354492,32.11000061035156,30.600000381469727,31.93000030517578,70097800,13.509257316589355
2022-07-29,32.54999923706055,37.380001068115234,32.34000015258789,36.959999084472656,105463700,15.637396812438965
2022-08-05,36.939998626708984,37.70000076293945,35.849998474121094,37.52000045776367,75106900,15.874335289001465
2022-08-12,37.619998931884766,40.5099983215332,31.360000610351562,34.880001068115234,142008000,17.83999252319336
2022-08-19,33.88999938964844,37.22999954223633,33.41999816894531,35.310001373291016,97953900,18.059926986694336
2022-08-26,35.06999969482422,38.29999923706055,34.15999984741211,37.459999084472656,87015800,19.159582138061523
2022-09-02,37.619998931884766,38.7599983215332,35.439998626708984,37.290000915527344,127718400,19.0726318359375
2022-09-09,37.79999923706055,37.959999084472656,35.209999084472656,35.47999954223633,64121000,18.14687156677246
2022-09-16,35.900001525878906,36.5,34.0,34.40999984741211,96820400,17.5996036529541
2022-09-23,33.900001525878906,35.560001373291016,32.7400016784668,32.900001525878906,138366500,16.827289581298828
2022-09-30,32.79999923706055,33.70000076293945,31.889999389648438,33.08000183105469,106091600,16.919349670410156
2022-10-07,35.36000061035156,38.40999984741211,35.150001525878906,37.439998626708984,138651300,19.149351119995117
2022-10-14,37.599998474121094,38.52000045776367,36.09000015258789,37.150001525878906,76990400,19.001026153564453
2022-10-21,37.13999938964844,42.08000183105469,36.459999084472656,41.560001373291016,126368200,21.256593704223633
2022-10-28,40.349998474121094,40.619998931884766,35.189998626708984,35.779998779296875,135614200,18.300310134887695
2022-11-04,33.310001373291016,34.63999938964844,31.399999618530273,31.709999084472656,143590600,16.218639373779297
2022-11-11,31.389999389648438,31.899999618530273,28.920000076293945,30.700000762939453,137196100,15.702058792114258
2022-11-18,31.06999969482422,32.02000045776367,30.040000915527344,30.389999389648438,102993800,15.543503761291504
2022-11-25,30.940000534057617,31.290000915527344,25.530000686645508,27.489999771118164,123084600,15.808645248413086
2022-12-02,27.3799991607666,30.549999237060547,27.219999313354492,29.6299991607666,96875300,17.03929328918457
2022-12-09,29.700000762939453,30.389999389648438,27.799999237060547,28.059999465942383,60095100,16.136438369750977
2022-12-16,28.0,28.079999923706055,23.610000610351562,24.979999542236328,162957500,14.36522388458252
2022-12-23,24.899999618530273,28.600000381469727,24.690000534057617,28.559999465942383,76090600,16.423969268798828
2022-12-30,28.459999084472656,29.0,27.979999542236328,28.040000915527344,60313500,16.124935150146484
2023-01-06,26.850000381469727,27.729999542236328,25.299999237060547,26.90999984741211,102017900,15.475104331970215
2023-01-13,26.84000015258789,27.860000610351562,26.469999313354492,27.690000534057617,52095400,15.923663139343262
2023-01-20,27.469999313354492,29.940000534057617,26.75,29.829999923706055,71001300,17.15431022644043
2023-01-27,29.8799991607666,31.489999771118164,28.700000762939453,28.899999618530273,69775600,16.619491577148438
2023-02-03,29.239999771118164,29.8700008392334,27.360000610351562,27.84000015258789,67525400,16.00992202758789
2023-02-10,27.850000381469727,30.25,27.850000381469727,30.079999923706055,60327600,17.298076629638672
2023-02-17,30.0,30.479999542236328,29.6200008392334,29.690000534057617,54990100,17.07379722595215
2023-02-24,29.09000015258789,30.31999969482422,28.950000762939453,29.579999923706055,40355500,17.010543823242188
2023-03-03,29.440000534057617,30.719999313354492,27.3799991607666,28.979999542236328,101197800,16.66550064086914
2023-03-10,29.0,29.739999771118164,28.229999542236328,28.399999618530273,68974700,16.33195686340332
2023-03-17,27.940000534057617,28.09000015258789,25.700000762939453,26.360000610351562,74439300,15.158820152282715
2023-03-24,26.5,26.649999618530273,25.25,25.65999984741211,53809700,14.756272315979004
2023-03-31,26.0,27.299999237060547,25.610000610351562,26.489999771118164,59016300,15.233577728271484
2023-04-07,27.239999771118164,27.989999771118164,26.489999771118164,27.079999923706055,42180500,15.572867393493652
2023-04-14,27.200000762939453,29.829999923706055,27.170000076293945,29.81999969482422,61527900,17.1485595703125
2023-04-21,29.729999542236328,30.940000534057617,29.399999618530273,29.81999969482422,52818700,17.1485595703125
2023-04-28,29.75,30.559999465942383,25.8700008392334,26.670000076293945,113454200,17.067564010620117
2023-05-05,26.5,26.850000381469727,25.209999084472656,26.790000915527344,57149200,17.144363403320312
2023-05-12,27.200000762939453,29.81999969482422,26.829999923706055,29.139999389648438,66374000,18.64825439453125
2023-05-19,28.719999313354492,29.989999771118164,28.25,29.290000915527344,110259100,18.744245529174805
2023-05-26,29.280000686645508,30.049999237060547,28.75,30.040000915527344,48419700,19.224212646484375
2023-06-02,29.8799991607666,30.739999771118164,28.940000534057617,30.420000076293945,62752800,19.467391967773438
2023-06-09,30.639999389648438,33.790000915527344,30.31999969482422,33.75,64926600,21.598438262939453
2023-06-16,33.75,34.40999984741211,31.989999771118164,33.38999938964844,124460200,22.621278762817383
2023-06-23,33.38999938964844,35.849998474121094,33.290000915527344,33.900001525878906,68291900,22.966796875
2023-06-30,33.79999923706055,34.959999084472656,33.06999969482422,33.099998474121094,66817700,22.4248046875
2023-07-07,33.40999984741211,34.15999984741211,32.93000030517578,33.130001068115234,48370000,22.445131301879883
2023-07-14,32.84000015258789,33.540000915527344,32.41999816894531,32.54999923706055,52560800,22.052186965942383
2023-07-21,32.0,33.4900016784668,31.440000534057617,33.310001373291016,62299400,22.56707763671875
2023-07-28,33.400001525878906,34.75,32.5,33.06999969482422,63470900,22.404481887817383
2023-08-04,33.5,34.83000183105469,32.25,32.880001068115234,96566200,22.275758743286133
2023-08-11,32.880001068115234,34.029998779296875,32.52000045776367,33.470001220703125,56201600,22.67547607421875
2023-08-18,33.400001525878906,35.31999969482422,33.279998779296875,34.4900016784668,66530200,23.36651039123535
2023-08-25,34.599998474121094,35.84000015258789,33.130001068115234,35.040000915527344,65710800,24.56588363647461
2023-09-01,35.02000045776367,35.810001373291016,34.13999938964844,35.689998626708984,70643100,25.021581649780273
2023-09-08,35.65999984741211,37.459999084472656,35.0,36.709999084472656,55265900,25.73668670654297
2023-09-15,36.709999084472656,37.54999923706055,36.380001068115234,36.900001525878906,61092100,25.869897842407227
2023-09-22,37.209999084472656,38.09000015258789,36.81999969482422,37.13999938964844,54391500,26.03815269470215
2023-09-29,37.16999816894531,37.88999938964844,36.349998474121094,37.88999938964844,51111300,26.563968658447266
2023-10-06,37.81999969482422,38.06999969482422,35.11000061035156,36.369998931884766,58945400,25.498319625854492
2023-10-13,37.099998474121094,39.4900016784668,37.04999923706055,39.31999969482422,45685000,27.56650733947754
2023-10-20,39.45000076293945,41.86000061035156,38.86000061035156,40.810001373291016,80818400,28.61112403869629
2023-10-27,39.630001068115234,39.689998626708984,38.08000183105469,38.47999954223633,69561200,26.97760772705078
2023-11-03,38.66999816894531,38.9900016784668,37.43000030517578,38.599998474121094,38065900,27.061735153198242
2023-11-10,38.90999984741211,39.16999816894531,36.47999954223633,37.41999816894531,58650800,26.234458923339844
2023-11-17,37.43000030517578,39.849998474121094,37.41999816894531,39.52000045776367,55854800,27.70673179626465
2023-11-24,39.52000045776367,39.88999938964844,36.630001068115234,37.75,60643300,27.430267333984375
2023-12-01,37.52000045776367,38.290000915527344,37.0099983215332,37.20000076293945,48953700,27.030622482299805
2023-12-08,37.04999923706055,37.20000076293945,35.060001373291016,36.65999984741211,54687800,26.638242721557617
2023-12-15,36.599998474121094,37.97999954223633,35.70000076293945,37.029998779296875,49689000,26.90709114074707
2023-12-22,37.5,38.619998931884766,37.36000061035156,38.619998931884766,45336700,28.06243133544922
2023-12-29,38.650001525878906,39.33000183105469,38.650001525878906,38.97999954223633,21558900,28.324020385742188
2024-01-05,39.0,41.279998779296875,39.0,40.38999938964844,34083500,29.34856414794922
2024-01-12,39.79999923706055,40.08000183105469,38.88999938964844,39.63999938964844,48102900,28.803598403930664
2024-01-19,39.36000061035156,40.25,38.59000015258789,38.95000076293945,43278400,28.30222511291504
2024-01-26,38.810001373291016,42.34000015258789,38.599998474121094,41.959999084472656,49072400,30.4893798828125
2024-02-02,42.040000915527344,43.790000915527344,41.58000183105469,42.33000183105469,60151400,30.75823402404785
2024-02-09,42.209999084472656,43.619998931884766,42.02000045776367,42.7400016784668,55801200,31.056150436401367
2024-02-16,42.529998779296875,44.310001373291016,42.040000915527344,44.29999923706055,27814100,32.18968963623047
2024-02-23,44.290000915527344,44.5,42.97999954223633,43.619998931884766,51894900,31.695579528808594
2024-03-01,43.599998474121094,44.380001068115234,40.7400016784668,41.209999084472656,60795400,29.94441032409668
2024-03-08,41.310001373291016,41.84000015258789,35.470001220703125,36.97999954223633,127492500,26.87076187133789
2024-03-15,36.70000076293945,37.970001220703125,36.13999938964844,36.66999816894531,131280100,26.6455078125
2024-03-22,36.95000076293945,37.70000076293945,35.849998474121094,36.86000061035156,67724700,26.7835693359375
2024-03-29,36.900001525878906,38.33000183105469,36.650001525878906,38.279998779296875,32839700,27.81537628173828
2024-04-05,38.33000183105469,40.83000183105469,38.060001373291016,39.040000915527344,82488600,28.367616653442383
2024-04-12,38.900001525878906,41.43000030517578,38.560001373291016,40.29999923706055,53704300,29.28317642211914
2024-04-19,40.20000076293945,42.810001373291016,40.099998474121094,42.720001220703125,63983300,31.041614532470703
2024-04-26,42.95000076293945,44.45000076293945,42.70000076293945,43.75,58523900,32.63829040527344
2024-05-03,43.66999816894531,44.66999816894531,41.54999923706055,42.0099983215332,52706500,32.6451530456543
2024-05-10,42.02000045776367,44.77000045776367,41.90999984741211,44.130001068115234,41443400,34.292564392089844
2024-05-17,44.33000183105469,44.61000061035156,38.369998931884766,38.56999969482422,88424600,29.972002029418945
2024-05-24,38.58000183105469,39.27000045776367,38.220001220703125,38.310001373291016,58738700,29.769960403442383
2024-05-31,38.40999984741211,40.97999954223633,38.38999938964844,40.70000076293945,46705100,31.627182006835938
2024-06-07,40.70000076293945,40.91999816894531,38.56999969482422,38.59000015258789,54842300,29.987548828125
2024-06-14,38.84000015258789,39.689998626708984,36.06999969482422,36.630001068115234,68056800,29.241283416748047
2024-06-21,36.4900016784668,38.70000076293945,36.2400016784668,38.310001373291016,64020400,30.58241081237793
2024-06-28,38.599998474121094,40.47999954223633,38.209999084472656,40.380001068115234,37215800,32.234859466552734
2024-07-05,40.52000045776367,41.529998779296875,39.47999954223633,40.279998779296875,53497200,32.15503692626953
2024-07-12,40.34000015258789,41.36000061035156,39.93000030517578,40.880001068115234,43271900,32.63401412963867
2024-07-19,41.0,41.86000061035156,40.939998626708984,41.709999084472656,33627500,33.29658508300781
2024-07-26,41.54999923706055,41.79999923706055,40.31999969482422,40.849998474121094,37036700,32.61006164550781
2024-08-02,41.0,41.06999969482422,38.61000061035156,38.63999938964844,38190200,30.845842361450195
2024-08-09,37.900001525878906,39.790000915527344,37.349998474121094,39.36000061035156,35434900,31.420610427856445
2024-08-16,39.79999923706055,41.619998931884766,39.77000045776367,41.560001373291016,39013800,33.176841735839844
2024-08-23,41.619998931884766,41.72999954223633,39.369998931884766,39.38999938964844,37557900,32.279239654541016
2024-08-30,40.380001068115234,43.59000015258789,40.29999923706055,42.939998626708984,91531400,35.188385009765625
2024-09-06,42.79999923706055,43.2400016784668,41.029998779296875,41.130001068115234,38123000,33.705135345458984
2024-09-13,41.31999969482422,42.02000045776367,40.2400016784668,40.369998931884766,46506500,33.08232879638672
2024-09-20,40.79999923706055,41.310001373291016,39.459999084472656,39.70000076293945,52388400,32.53327941894531
2024-09-27,39.72999954223633,41.22999954223633,39.33000183105469,39.52000045776367,54053800,32.38576889038086
2024-10-04,39.63999938964844,41.58000183105469,38.959999084472656,41.36000061035156,40816800,33.89360809326172
2024-10-11,41.599998474121094,42.060001373291016,40.66999816894531,41.439998626708984,31681900,33.95916748046875
2024-10-18,41.2400016784668,41.599998474121094,40.09000015258789,40.369998931884766,41969900,33.08232879638672
2024-10-25,40.7400016784668,40.7400016784668,38.720001220703125,39.400001525878906,31587900,32.287437438964844
2024-11-01,38.68000030517578,39.599998474121094,38.25,38.29999923706055,38058600,31.386011123657227
2024-11-08,38.79999923706055,39.33000183105469,37.619998931884766,39.08000183105469,46218600,32.02519989013672
2024-11-15,38.79999923706055,40.66999816894531,38.599998474121094,40.5099983215332,33892700,33.19705581665039
2024-11-22,40.5099983215332,43.779998779296875,40.5,43.2400016784668,44425500,35.43423080444336
2024-11-29,43.119998931884766,43.689998626708984,41.619998931884766,42.619998931884766,50175300,34.92615509033203
2024-12-06,42.5099983215332,43.38999938964844,41.959999084472656,42.11000061035156,43253000,34.50822067260742
2024-12-13,42.45000076293945,44.0,40.599998474121094,41.06999969482422,45661200,34.889198303222656
2024-12-20,41.119998931884766,41.54999923706055,39.560001373291016,39.720001220703125,76089000,33.74236297607422
2024-12-27,39.84000015258789,40.02000045776367,38.52000045776367,38.84000015258789,27283200,34.15276336669922
2025-01-03,39.02000045776367,40.810001373291016,39.02000045776367,40.380001068115234,35512000,35.50691223144531
2025-01-10,40.45000076293945,41.7599983215332,39.880001068115234,40.91999816894531,43434600,35.98174285888672
2025-01-17,41.290000915527344,41.93000030517578,40.52000045776367,41.599998474121094,31231400,36.57967758178711
2025-01-24,41.56999969482422,42.0,40.2599983215332,40.630001068115234,24725300,35.72674560546875
2025-01-31,40.599998474121094,42.400001525878906,40.43000030517578,41.650001525878906,40650200,36.623653411865234
2025-02-07,41.650001525878906,41.75,39.31999969482422,39.70000076293945,38934200,34.90897750854492
2025-02-14,40.0,41.060001373291016,39.029998779296875,40.849998474121094,40440600,35.92019271850586
2025-02-21,41.0,42.65999984741211,40.900001525878906,42.2599983215332,47153300,37.160030364990234
2025-02-28,42.2599983215332,42.33000183105469,37.720001220703125,39.04999923706055,93287300,34.33741760253906
2025-03-07,38.209999084472656,38.209999084472656,36.790000915527344,37.41999816894531,29659200,32.90412902832031
2025-03-14,37.369998931884766,38.65999984741211,36.310001373291016,38.40999984741211,38940000,33.774658203125
2025-03-21,38.41999816894531,40.7400016784668,38.36000061035156,40.34000015258789,61379700,35.47174072265625
2025-03-28,40.29999923706055,41.7599983215332,39.97999954223633,41.06999969482422,42574700,36.113643646240234
2025-04-04,40.810001373291016,42.20000076293945,36.52000045776367,37.72999954223633,58683000,33.17671203613281
2025-04-11,37.20000076293945,37.56999969482422,32.7400016784668,33.91999816894531,111106200,29.826505661010742
2025-04-18,34.75,34.93000030517578,32.47999954223633,33.16999816894531,55603500,29.842124938964844
2025-04-25,32.9900016784668,33.56999969482422,31.950000762939453,32.66999816894531,48164900,29.39229393005371
2025-05-02,32.70000076293945,32.97999954223633,31.860000610351562,32.689998626708984,55041100,29.41028594970703
2025-05-09,32.47999954223633,33.47999954223633,31.760000228881836,33.20000076293945,53580500,29.86911964416504
2025-05-16,34.0,34.58000183105469,33.630001068115234,34.150001525878906,46002700,30.72381019592285
2025-05-23,34.040000915527344,34.630001068115234,33.0099983215332,33.47999954223633,37645200,30.121030807495117
2025-05-30,33.75,34.09000015258789,32.90999984741211,32.90999984741211,43318000,29.608213424682617
2025-06-06,33.70000076293945,33.70000076293945,31.100000381469727,31.56999969482422,52300500,29.207077026367188
2025-06-13,31.100000381469727,35.779998779296875,30.84000015258789,34.97999954223633,69205500,32.361846923828125
2025-06-20,35.150001525878906,36.27000045776367,34.810001373291016,35.90999984741211,56092200,33.22224044799805
2025-06-27,36.29999923706055,36.52000045776367,33.75,33.79999923706055,53532500,31.270166397094727
2025-07-04,33.689998626708984,35.400001525878906,33.59000015258789,35.150001525878906,34351600,32.519126892089844
2025-07-11,35.150001525878906,35.900001525878906,34.77000045776367,35.470001220703125,55441200,32.8151741027832
2025-07-18,35.5,35.79999923706055,33.09000015258789,33.63999938964844,44267300,31.12214469909668
2025-07-25,33.68000030517578,35.20000076293945,33.380001068115234,35.040000915527344,33895700,32.4173583984375
2025-08-01,35.11000061035156,36.16999816894531,34.540000915527344,35.279998779296875,46072300,32.63939666748047
2025-08-08,35.18000030517578,36.2599983215332,32.779998779296875,32.779998779296875,63511700,30.326513290405273
2025-08-15,33.0,33.56999969482422,32.20000076293945,32.599998474121094,39796600,30.159982681274414
2025-08-22,32.68000030517578,33.099998474121094,32.150001525878906,33.02000045776367,50902000,31.19043731689453
2025-08-29,33.08000183105469,33.869998931884766,32.52000045776367,33.75,48925800,31.879989624023438
2025-09-05,34.04999923706055,34.04999923706055,32.52000045776367,32.900001525878906,39798200,31.07708740234375
2025-09-12,33.150001525878906,34.529998779296875,32.900001525878906,33.75,44802800,31.879989624023438
2025-09-19,33.810001373291016,34.4900016784668,33.380001068115234,33.68000030517578,49739600,31.813867568969727
2025-09-26,33.5,36.02000045776367,33.349998474121094,34.97999954223633,46294600,33.04183578491211
2025-10-03,35.11000061035156,35.279998779296875,33.040000915527344,33.06999969482422,63074500,31.23766326904297
2025-10-10,33.310001373291016,33.34000015258789,31.739999771118164,31.90999984741211,47904400,30.141939163208008
2025-10-17,32.189998626708984,32.66999816894531,31.34000015258789,31.639999389648438,63022100,29.886898040771484
2025-10-24,31.549999237060547,32.65999984741211,30.959999084472656,31.75,46266500,29.99080467224121
2025-10-31,31.989999771118164,32.310001373291016,31.260000228881836,31.510000228881836,51026100,29.764101028442383
2025-11-07,31.81999969482422,34.290000915527344,31.450000762939453,34.279998779296875,66326900,32.380619049072266
2025-11-14,34.33000183105469,35.84000015258789,33.97999954223633,34.93000030517578,61394800,32.994606018066406
2025-11-21,34.93000030517578,35.22999954223633,34.369998931884766,34.560001373291016,41632500,32.64510726928711
2025-11-28,34.529998779296875,34.790000915527344,32.959999084472656,33.380001068115234,54005200,31.53049087524414
2025-12-05,33.5,34.72999954223633,32.84000015258789,32.84000015258789,59781200,31.020410537719727
2025-12-12,33.22999954223633,33.689998626708984,32.810001373291016,33.279998779296875,48605800,31.436025619506836
2025-12-19,33.470001220703125,33.5099983215332,31.979999542236328,32.68000030517578,84067500,30.86927604675293
2025-12-26,32.900001525878906,33.060001373291016,31.6299991607666,32.119998931884766,22990400,31.2462215423584
2026-01-02,32.290000915527344,32.68000030517578,31.93000030517578,32.29999923706055,28826300,31.42132568359375
2026-01-09,32.31999969482422,32.38999938964844,30.989999771118164,31.899999618530273,59519100,31.032207489013672
2026-01-16,31.899999618530273,34.97999954223633,31.809999465942383,33.97999954223633,78782500,33.055625915527344
2026-01-23,33.810001373291016,38.099998474121094,33.810001373291016,37.720001220703125,92605700,36.69388198852539
2026-01-30,38.099998474121094,41.2599983215332,37.650001525878906,40.38999938964844,87279500,39.2912483215332
2026-02-06,39.22999954223633,40.63999938964844,38.709999084472656,38.869998931884766,61607500,37.812599182128906
2026-02-13,38.869998931884766,41.4900016784668,38.810001373291016,39.70000076293945,49989800,38.620018005371094
2026-02-20,39.70000076293945,41.40999984741211,39.70000076293945,40.939998626708984,32051100,39.82628631591797
2026-02-27,40.939998626708984,43.58000183105469,40.88999938964844,42.72999954223633,52262500,41.56759262084961
2026-03-06,45.0,47.0,43.400001525878906,45.779998779296875,92192200,44.53462219238281
2026-03-13,47.040000915527344,50.31999969482422,45.810001373291016,49.380001068115234,90243500,48.03668975830078
2026-03-20,49.65999984741211,53.209999084472656,49.400001525878906,50.34000015258789,84005100,48.970577239990234
2026-03-27,48.810001373291016,54.619998931884766,48.810001373291016,54.29999923706055,82661300,52.82284927368164
2026-04-03,54.7599983215332,56.13999938964844,51.13999938964844,53.099998474121094,81386200,51.65549087524414
2026-04-10,53.02000045776367,54.5,48.70000076293945,54.0,91146700,52.53101348876953
2026-04-17,55.08000183105469,55.31999969482422,49.27000045776367,50.810001373291016,86352600,49.427791595458984
2026-04-24,52.0,53.119998931884766,51.220001220703125,52.2400016784668,42870500,51.46647262573242
2026-05-01,52.40999984741211,55.0099983215332,52.2400016784668,54.72999954223633,53858000,53.91960144042969
2026-05-08,54.7400016784668,55.189998626708984,49.08000183105469,50.11000061035156,59304100,49.368011474609375
2026-05-15,50.560001373291016,51.09000015258789,48.790000915527344,50.45000076293945,52076500,49.70297622680664
2026-05-22,49.56999969482422,52.15999984741211,49.11000061035156,50.150001525878906,72007800,49.40742111206055
2026-05-29,49.040000915527344,49.380001068115234,46.72999954223633,46.72999954223633,55706400,46.03805923461914
2026-06-05,47.29999923706055,48.369998931884766,45.4900016784668,45.709999084472656,41249200,45.709999084472656
2026-06-12,46.0,47.56999969482422,45.52000045776367,46.189998626708984,50490900,46.189998626708984
2026-06-19,44.970001220703125,44.970001220703125,41.810001373291016,43.34000015258789,67572000,43.34000015258789
2026-06-26,43.34000015258789,44.310001373291016,42.029998779296875,42.25,39804000,42.25
2026-07-03,42.5,42.619998931884766,41.650001525878906,41.779998779296875,22064400,41.779998779296875
